Zone,Min_s,Max_s,Max_Power_W,Duration_s
1-5s,1,5,433.0,1
5-10s,5,10,395.20000000000005,5
10-20s,10,20,353.4,10
20-60s (1min),20,60,321.8,20
1-5min,60,300,274.4333333333333,60
5-20min,300,1200,217.64333333333337,300
20-30min,1200,1800,193.55884586180716,1317
